<?xml version="1.0" encoding="UTF-8"?><idempiere Name="2Pack_5.0.0" Version="5.0.0" idempiereVersion="" DataBaseVersion="" Description="Add compatibility to panama ltranslation" Author="" AuthorEmail="" CreatedDate="2021-09-28 07:17:31.129" UpdatedDate="2021-09-28 07:17:53.817" PackOutVersion="100" UpdateDictionary="false" Client="0-SYSTEM-System" AD_Client_UU="11237b53-9592-4af1-b3c5-afd216514b5d">
    <AD_Menu type="table">
        <SeqNo>15</SeqNo>
        <AD_Client_ID>0</AD_Client_ID>
        <AD_Org_ID>0</AD_Org_ID>
        <Name>Human Talent</Name>
        <Description/>
        <Action/>
        <AD_Window_ID reference="id"/>
        <AD_Workflow_ID reference="id"/>
        <AD_Task_ID reference="id"/>
        <AD_Org_ID reference="id">0</AD_Org_ID>
        <IsActive>Y</IsActive>
        <IsSummary>Y</IsSummary>
        <AD_Process_ID reference="id"/>
        <IsSOTrx>N</IsSOTrx>
        <AD_Form_ID reference="id"/>
        <IsReadOnly>N</IsReadOnly>
        <EntityType>ve.net.dcs.HumanTalent</EntityType>
        <IsCentrallyMaintained>N</IsCentrallyMaintained>
        <AD_Menu_UU>25ac697b-718a-44c9-80cc-b2710c689547</AD_Menu_UU>
        <AD_InfoWindow_ID reference="id"/>
        <PredefinedContextVariables/>
        <AD_Menu_Trl type="translation">
            <Description/>
            <Name>Talento Humano</Name>
            <AD_Language>es_CO</AD_Language>
            <IsActive>Y</IsActive>
            <IsTranslated>N</IsTranslated>
        </AD_Menu_Trl>
        <AD_Menu_Trl type="translation">
            <Description/>
            <Name>Talento Humano</Name>
            <AD_Language>es_PA</AD_Language>
            <IsActive>Y</IsActive>
            <IsTranslated>N</IsTranslated>
        </AD_Menu_Trl>
        <AD_Menu type="table">
            <Parent_ID reference="uuid" reference-key="AD_Menu">25ac697b-718a-44c9-80cc-b2710c689547</Parent_ID>
            <SeqNo>1</SeqNo>
            <AD_Client_ID>0</AD_Client_ID>
            <AD_Org_ID>0</AD_Org_ID>
            <Name>Education</Name>
            <Description/>
            <Action/>
            <AD_Window_ID reference="id"/>
            <AD_Workflow_ID reference="id"/>
            <AD_Task_ID reference="id"/>
            <AD_Org_ID reference="id">0</AD_Org_ID>
            <IsActive>Y</IsActive>
            <IsSummary>Y</IsSummary>
            <AD_Process_ID reference="id"/>
            <IsSOTrx>N</IsSOTrx>
            <AD_Form_ID reference="id"/>
            <IsReadOnly>N</IsReadOnly>
            <EntityType>ve.net.dcs.HumanTalent</EntityType>
            <IsCentrallyMaintained>N</IsCentrallyMaintained>
            <AD_Menu_UU>99933275-2837-48e4-8a76-7128bd285839</AD_Menu_UU>
            <AD_InfoWindow_ID reference="id"/>
            <PredefinedContextVariables/>
            <AD_Menu type="table">
                <Parent_ID reference="uuid" reference-key="AD_Menu">99933275-2837-48e4-8a76-7128bd285839</Parent_ID>
                <SeqNo>5</SeqNo>
                <AD_Client_ID>0</AD_Client_ID>
                <AD_Org_ID>0</AD_Org_ID>
                <Name>Career Employee</Name>
                <Description>Career Employee</Description>
                <Action>W</Action>
                <AD_Window_ID reference="uuid" reference-key="AD_Window">a4c0c8f6-d762-4ee5-abdc-5405907b9dd1</AD_Window_ID>
                <AD_Workflow_ID reference="id"/>
                <AD_Task_ID reference="id"/>
                <AD_Org_ID reference="id">0</AD_Org_ID>
                <IsActive>Y</IsActive>
                <IsSummary>N</IsSummary>
                <AD_Process_ID reference="id"/>
                <IsSOTrx>N</IsSOTrx>
                <AD_Form_ID reference="id"/>
                <IsReadOnly>N</IsReadOnly>
                <EntityType>ve.net.dcs.HumanTalent</EntityType>
                <IsCentrallyMaintained>Y</IsCentrallyMaintained>
                <AD_Menu_UU>736ad5f8-1b32-471c-8f44-fe9f9c1239e2</AD_Menu_UU>
                <AD_InfoWindow_ID reference="id"/>
                <PredefinedContextVariables/>
            </AD_Menu>
            <AD_Menu type="table">
                <Parent_ID reference="uuid" reference-key="AD_Menu">99933275-2837-48e4-8a76-7128bd285839</Parent_ID>
                <SeqNo>0</SeqNo>
                <AD_Client_ID>0</AD_Client_ID>
                <AD_Org_ID>0</AD_Org_ID>
                <Name>Institute/University</Name>
                <Description>Institute/University</Description>
                <Action>W</Action>
                <AD_Window_ID reference="uuid" reference-key="AD_Window">cd2e58d3-5fa6-4cb0-987f-7998940d4d6c</AD_Window_ID>
                <AD_Workflow_ID reference="id"/>
                <AD_Task_ID reference="id"/>
                <AD_Org_ID reference="id">0</AD_Org_ID>
                <IsActive>Y</IsActive>
                <IsSummary>N</IsSummary>
                <AD_Process_ID reference="id"/>
                <IsSOTrx>N</IsSOTrx>
                <AD_Form_ID reference="id"/>
                <IsReadOnly>N</IsReadOnly>
                <EntityType>ve.net.dcs.HumanTalent</EntityType>
                <IsCentrallyMaintained>Y</IsCentrallyMaintained>
                <AD_Menu_UU>15997581-de23-4020-ae32-fb1d2dfebae3</AD_Menu_UU>
                <AD_InfoWindow_ID reference="id"/>
                <PredefinedContextVariables/>
            </AD_Menu>
            <AD_Menu type="table">
                <Parent_ID reference="uuid" reference-key="AD_Menu">99933275-2837-48e4-8a76-7128bd285839</Parent_ID>
                <SeqNo>2</SeqNo>
                <AD_Client_ID>0</AD_Client_ID>
                <AD_Org_ID>0</AD_Org_ID>
                <Name>Degree of Approval</Name>
                <Description>Degree of Approval</Description>
                <Action>W</Action>
                <AD_Window_ID reference="uuid" reference-key="AD_Window">f9276777-e041-47f2-8966-6f8985f759e9</AD_Window_ID>
                <AD_Workflow_ID reference="id"/>
                <AD_Task_ID reference="id"/>
                <AD_Org_ID reference="id">0</AD_Org_ID>
                <IsActive>Y</IsActive>
                <IsSummary>N</IsSummary>
                <AD_Process_ID reference="id"/>
                <IsSOTrx>N</IsSOTrx>
                <AD_Form_ID reference="id"/>
                <IsReadOnly>N</IsReadOnly>
                <EntityType>ve.net.dcs.HumanTalent</EntityType>
                <IsCentrallyMaintained>Y</IsCentrallyMaintained>
                <AD_Menu_UU>d1adc95d-5f4a-4e6e-af4a-3ceb4106a3b7</AD_Menu_UU>
                <AD_InfoWindow_ID reference="id"/>
                <PredefinedContextVariables/>
            </AD_Menu>
            <AD_Menu type="table">
                <Parent_ID reference="uuid" reference-key="AD_Menu">99933275-2837-48e4-8a76-7128bd285839</Parent_ID>
                <SeqNo>3</SeqNo>
                <AD_Client_ID>0</AD_Client_ID>
                <AD_Org_ID>0</AD_Org_ID>
                <Name>Title Obtained</Name>
                <Description>Maintain Title Obtained</Description>
                <Action>W</Action>
                <AD_Window_ID reference="uuid" reference-key="AD_Window">8f32391d-cecb-4334-bdbf-9cb02eecef21</AD_Window_ID>
                <AD_Workflow_ID reference="id"/>
                <AD_Task_ID reference="id"/>
                <AD_Org_ID reference="id">0</AD_Org_ID>
                <IsActive>Y</IsActive>
                <IsSummary>N</IsSummary>
                <AD_Process_ID reference="id"/>
                <IsSOTrx>N</IsSOTrx>
                <AD_Form_ID reference="id"/>
                <IsReadOnly>N</IsReadOnly>
                <EntityType>ve.net.dcs.HumanTalent</EntityType>
                <IsCentrallyMaintained>Y</IsCentrallyMaintained>
                <AD_Menu_UU>7d19b346-fdae-461d-9382-b3ea669f7c2b</AD_Menu_UU>
                <AD_InfoWindow_ID reference="id"/>
                <PredefinedContextVariables/>
            </AD_Menu>
            <AD_Menu type="table">
                <Parent_ID reference="uuid" reference-key="AD_Menu">99933275-2837-48e4-8a76-7128bd285839</Parent_ID>
                <SeqNo>4</SeqNo>
                <AD_Client_ID>0</AD_Client_ID>
                <AD_Org_ID>0</AD_Org_ID>
                <Name>Evaluation</Name>
                <Description/>
                <Action>W</Action>
                <AD_Window_ID reference="uuid" reference-key="AD_Window">ee65b0b9-5321-4f6c-abb2-e3ed127539d0</AD_Window_ID>
                <AD_Workflow_ID reference="id"/>
                <AD_Task_ID reference="id"/>
                <AD_Org_ID reference="id">0</AD_Org_ID>
                <IsActive>Y</IsActive>
                <IsSummary>N</IsSummary>
                <AD_Process_ID reference="id"/>
                <IsSOTrx>N</IsSOTrx>
                <AD_Form_ID reference="id"/>
                <IsReadOnly>N</IsReadOnly>
                <EntityType>ve.net.dcs.HumanTalent</EntityType>
                <IsCentrallyMaintained>Y</IsCentrallyMaintained>
                <AD_Menu_UU>28144cdb-16e4-478c-9444-30162f3fddd7</AD_Menu_UU>
                <AD_InfoWindow_ID reference="id"/>
                <PredefinedContextVariables/>
            </AD_Menu>
        </AD_Menu>
        <AD_Menu type="table">
            <Parent_ID reference="uuid" reference-key="AD_Menu">25ac697b-718a-44c9-80cc-b2710c689547</Parent_ID>
            <SeqNo>2</SeqNo>
            <AD_Client_ID>0</AD_Client_ID>
            <AD_Org_ID>0</AD_Org_ID>
            <Name>Work Experience</Name>
            <Description/>
            <Action/>
            <AD_Window_ID reference="id"/>
            <AD_Workflow_ID reference="id"/>
            <AD_Task_ID reference="id"/>
            <AD_Org_ID reference="id">0</AD_Org_ID>
            <IsActive>Y</IsActive>
            <IsSummary>Y</IsSummary>
            <AD_Process_ID reference="id"/>
            <IsSOTrx>N</IsSOTrx>
            <AD_Form_ID reference="id"/>
            <IsReadOnly>N</IsReadOnly>
            <EntityType>ve.net.dcs.HumanTalent</EntityType>
            <IsCentrallyMaintained>N</IsCentrallyMaintained>
            <AD_Menu_UU>e37ccb6a-3326-4436-a9be-ecef693f46fd</AD_Menu_UU>
            <AD_InfoWindow_ID reference="id"/>
            <PredefinedContextVariables/>
            <AD_Menu type="table">
                <Parent_ID reference="uuid" reference-key="AD_Menu">e37ccb6a-3326-4436-a9be-ecef693f46fd</Parent_ID>
                <SeqNo>0</SeqNo>
                <AD_Client_ID>0</AD_Client_ID>
                <AD_Org_ID>0</AD_Org_ID>
                <Name>Occupation</Name>
                <Description>Occupation</Description>
                <Action>W</Action>
                <AD_Window_ID reference="uuid" reference-key="AD_Window">dec35887-6b08-4415-9318-cdbd53a4357c</AD_Window_ID>
                <AD_Workflow_ID reference="id"/>
                <AD_Task_ID reference="id"/>
                <AD_Org_ID reference="id">0</AD_Org_ID>
                <IsActive>Y</IsActive>
                <IsSummary>N</IsSummary>
                <AD_Process_ID reference="id"/>
                <IsSOTrx>N</IsSOTrx>
                <AD_Form_ID reference="id"/>
                <IsReadOnly>N</IsReadOnly>
                <EntityType>ve.net.dcs.HumanTalent</EntityType>
                <IsCentrallyMaintained>Y</IsCentrallyMaintained>
                <AD_Menu_UU>3928d326-88d2-47a7-9074-3defe9e7d59f</AD_Menu_UU>
                <AD_InfoWindow_ID reference="id"/>
                <PredefinedContextVariables/>
            </AD_Menu>
        </AD_Menu>
        <AD_Menu type="table">
            <Parent_ID reference="uuid" reference-key="AD_Menu">25ac697b-718a-44c9-80cc-b2710c689547</Parent_ID>
            <SeqNo>3</SeqNo>
            <AD_Client_ID>0</AD_Client_ID>
            <AD_Org_ID>0</AD_Org_ID>
            <Name>Family Group</Name>
            <Description/>
            <Action/>
            <AD_Window_ID reference="id"/>
            <AD_Workflow_ID reference="id"/>
            <AD_Task_ID reference="id"/>
            <AD_Org_ID reference="id">0</AD_Org_ID>
            <IsActive>Y</IsActive>
            <IsSummary>Y</IsSummary>
            <AD_Process_ID reference="id"/>
            <IsSOTrx>N</IsSOTrx>
            <AD_Form_ID reference="id"/>
            <IsReadOnly>N</IsReadOnly>
            <EntityType>ve.net.dcs.HumanTalent</EntityType>
            <IsCentrallyMaintained>N</IsCentrallyMaintained>
            <AD_Menu_UU>b24eccf7-5936-42d4-b1d9-1b6bf057f5a4</AD_Menu_UU>
            <AD_InfoWindow_ID reference="id"/>
            <PredefinedContextVariables/>
            <AD_Menu type="table">
                <Parent_ID reference="uuid" reference-key="AD_Menu">b24eccf7-5936-42d4-b1d9-1b6bf057f5a4</Parent_ID>
                <SeqNo>0</SeqNo>
                <AD_Client_ID>0</AD_Client_ID>
                <AD_Org_ID>0</AD_Org_ID>
                <Name>Relationship</Name>
                <Description/>
                <Action>W</Action>
                <AD_Window_ID reference="uuid" reference-key="AD_Window">0de7719f-09ab-4e5c-b78f-f3bdde9388fa</AD_Window_ID>
                <AD_Workflow_ID reference="id"/>
                <AD_Task_ID reference="id"/>
                <AD_Org_ID reference="id">0</AD_Org_ID>
                <IsActive>Y</IsActive>
                <IsSummary>N</IsSummary>
                <AD_Process_ID reference="id"/>
                <IsSOTrx>N</IsSOTrx>
                <AD_Form_ID reference="id"/>
                <IsReadOnly>N</IsReadOnly>
                <EntityType>ve.net.dcs.HumanTalent</EntityType>
                <IsCentrallyMaintained>Y</IsCentrallyMaintained>
                <AD_Menu_UU>e3fa6dd5-973a-43e3-92b4-3b58c06cb3c5</AD_Menu_UU>
                <AD_InfoWindow_ID reference="id"/>
                <PredefinedContextVariables/>
            </AD_Menu>
        </AD_Menu>
        <AD_Menu type="table">
            <Parent_ID reference="uuid" reference-key="AD_Menu">25ac697b-718a-44c9-80cc-b2710c689547</Parent_ID>
            <SeqNo>0</SeqNo>
            <AD_Client_ID>0</AD_Client_ID>
            <AD_Org_ID>0</AD_Org_ID>
            <Name>Hygiene and Security</Name>
            <Description/>
            <Action/>
            <AD_Window_ID reference="id"/>
            <AD_Workflow_ID reference="id"/>
            <AD_Task_ID reference="id"/>
            <AD_Org_ID reference="id">0</AD_Org_ID>
            <IsActive>Y</IsActive>
            <IsSummary>Y</IsSummary>
            <AD_Process_ID reference="id"/>
            <IsSOTrx>N</IsSOTrx>
            <AD_Form_ID reference="id"/>
            <IsReadOnly>N</IsReadOnly>
            <EntityType>ve.net.dcs.HumanTalent</EntityType>
            <IsCentrallyMaintained>N</IsCentrallyMaintained>
            <AD_Menu_UU>19eecbce-a0e2-4b84-a689-452a99c815e4</AD_Menu_UU>
            <AD_InfoWindow_ID reference="id"/>
            <PredefinedContextVariables/>
            <AD_Menu type="table">
                <Parent_ID reference="uuid" reference-key="AD_Menu">19eecbce-a0e2-4b84-a689-452a99c815e4</Parent_ID>
                <SeqNo>4</SeqNo>
                <AD_Client_ID>0</AD_Client_ID>
                <AD_Org_ID>0</AD_Org_ID>
                <Name>Group Medical Test</Name>
                <Description>Group Medical Test</Description>
                <Action>W</Action>
                <AD_Window_ID reference="uuid" reference-key="AD_Window">0a5d500b-b05e-4d9f-bbf7-28bdc48bd48f</AD_Window_ID>
                <AD_Workflow_ID reference="id"/>
                <AD_Task_ID reference="id"/>
                <AD_Org_ID reference="id">0</AD_Org_ID>
                <IsActive>Y</IsActive>
                <IsSummary>N</IsSummary>
                <AD_Process_ID reference="id"/>
                <IsSOTrx>N</IsSOTrx>
                <AD_Form_ID reference="id"/>
                <IsReadOnly>N</IsReadOnly>
                <EntityType>ve.net.dcs.HumanTalent</EntityType>
                <IsCentrallyMaintained>Y</IsCentrallyMaintained>
                <AD_Menu_UU>18c85a08-3cdd-4646-b849-e215af0ab7b8</AD_Menu_UU>
                <AD_InfoWindow_ID reference="id"/>
                <PredefinedContextVariables/>
            </AD_Menu>
            <AD_Menu type="table">
                <Parent_ID reference="uuid" reference-key="AD_Menu">19eecbce-a0e2-4b84-a689-452a99c815e4</Parent_ID>
                <SeqNo>2</SeqNo>
                <AD_Client_ID>0</AD_Client_ID>
                <AD_Org_ID>0</AD_Org_ID>
                <Name>Type Medical Test</Name>
                <Description>Type Medical Test</Description>
                <Action>W</Action>
                <AD_Window_ID reference="uuid" reference-key="AD_Window">daa0fde1-45e4-4e9b-ac9f-d78d9972b619</AD_Window_ID>
                <AD_Workflow_ID reference="id"/>
                <AD_Task_ID reference="id"/>
                <AD_Org_ID reference="id">0</AD_Org_ID>
                <IsActive>Y</IsActive>
                <IsSummary>N</IsSummary>
                <AD_Process_ID reference="id"/>
                <IsSOTrx>N</IsSOTrx>
                <AD_Form_ID reference="id"/>
                <IsReadOnly>N</IsReadOnly>
                <EntityType>ve.net.dcs.HumanTalent</EntityType>
                <IsCentrallyMaintained>Y</IsCentrallyMaintained>
                <AD_Menu_UU>dd20cf48-deef-4c3b-ad84-7f3f62a23d87</AD_Menu_UU>
                <AD_InfoWindow_ID reference="id"/>
                <PredefinedContextVariables/>
            </AD_Menu>
            <AD_Menu type="table">
                <Parent_ID reference="uuid" reference-key="AD_Menu">19eecbce-a0e2-4b84-a689-452a99c815e4</Parent_ID>
                <SeqNo>0</SeqNo>
                <AD_Client_ID>0</AD_Client_ID>
                <AD_Org_ID>0</AD_Org_ID>
                <Name>Article Of Endowment</Name>
                <Description>Article Of Endowment</Description>
                <Action>W</Action>
                <AD_Window_ID reference="uuid" reference-key="AD_Window">f8d9d7c3-68d3-4578-b848-9fd80f695ec8</AD_Window_ID>
                <AD_Workflow_ID reference="id"/>
                <AD_Task_ID reference="id"/>
                <AD_Org_ID reference="id">0</AD_Org_ID>
                <IsActive>Y</IsActive>
                <IsSummary>N</IsSummary>
                <AD_Process_ID reference="id"/>
                <IsSOTrx>N</IsSOTrx>
                <AD_Form_ID reference="id"/>
                <IsReadOnly>N</IsReadOnly>
                <EntityType>ve.net.dcs.HumanTalent</EntityType>
                <IsCentrallyMaintained>Y</IsCentrallyMaintained>
                <AD_Menu_UU>1973bfd7-5fbf-4aea-8ad8-1e0beccaaaa0</AD_Menu_UU>
                <AD_InfoWindow_ID reference="id"/>
                <PredefinedContextVariables/>
            </AD_Menu>
        </AD_Menu>
        <AD_Menu type="table">
            <Parent_ID reference="uuid" reference-key="AD_Menu">25ac697b-718a-44c9-80cc-b2710c689547</Parent_ID>
            <SeqNo>6</SeqNo>
            <AD_Client_ID>0</AD_Client_ID>
            <AD_Org_ID>0</AD_Org_ID>
            <Name>Endowment Employee</Name>
            <Description/>
            <Action>W</Action>
            <AD_Window_ID reference="uuid" reference-key="AD_Window">af0e87cc-dbb0-4461-a61d-c55fb5762bca</AD_Window_ID>
            <AD_Workflow_ID reference="id"/>
            <AD_Task_ID reference="id"/>
            <AD_Org_ID reference="id">0</AD_Org_ID>
            <IsActive>Y</IsActive>
            <IsSummary>N</IsSummary>
            <AD_Process_ID reference="id"/>
            <IsSOTrx>N</IsSOTrx>
            <AD_Form_ID reference="id"/>
            <IsReadOnly>N</IsReadOnly>
            <EntityType>ve.net.dcs.HumanTalent</EntityType>
            <IsCentrallyMaintained>Y</IsCentrallyMaintained>
            <AD_Menu_UU>4d598418-ced9-4d50-bc6f-de2f9bd138ae</AD_Menu_UU>
            <AD_InfoWindow_ID reference="id"/>
            <PredefinedContextVariables/>
            <AD_Field type="table">
                <AD_Client_ID>0</AD_Client_ID>
                <AD_Org_ID>0</AD_Org_ID>
                <Name>Link Organization</Name>
                <Description>Link Business Partner to an Organization</Description>
                <Help>If the Business Partner is another Organization, select the Organization or set to empty to create a new Organization.  You link a Business Partner to an Organization to create explicit Documents for Inter-Org transaction.
If you create a new Organization, you may supply a Organization Type.  If you select a Role, the access to the new Organization is limited to that role, otherwise all (non manual) roles of the Client will have access to the new Organization.</Help>
                <AD_Tab_ID reference="uuid" reference-key="AD_Tab">0866e818-4e6f-43d4-aeae-691b1c601391</AD_Tab_ID>
                <AD_Column_ID reference="id">10927</AD_Column_ID>
                <IsDisplayed>N</IsDisplayed>
                <DisplayLogic>@IsEmployee@=N</DisplayLogic>
                <DisplayLength>23</DisplayLength>
                <SeqNo>0</SeqNo>
                <SortNo>0</SortNo>
                <IsSameLine>Y</IsSameLine>
                <IsHeading>N</IsHeading>
                <IsFieldOnly>N</IsFieldOnly>
                <IsEncrypted>N</IsEncrypted>
                <AD_Org_ID reference="id">0</AD_Org_ID>
                <IsActive>Y</IsActive>
                <IsReadOnly>N</IsReadOnly>
                <IsCentrallyMaintained>Y</IsCentrallyMaintained>
                <AD_FieldGroup_ID reference="id"/>
                <EntityType>ve.net.dcs.HumanTalent</EntityType>
                <ObscureType/>
                <AD_Reference_ID reference="id"/>
                <IsMandatory/>
                <DefaultValue/>
                <AD_Reference_Value_ID reference="id"/>
                <AD_Val_Rule_ID reference="id"/>
                <Included_Tab_ID reference="id"/>
                <AD_Field_UU>53f6d6fb-043a-4e88-bdfd-1b936a481da4</AD_Field_UU>
                <IsAllowCopy/>
                <IsDisplayedGrid>N</IsDisplayedGrid>
                <SeqNoGrid>0</SeqNoGrid>
                <XPosition>5</XPosition>
                <ColumnSpan>2</ColumnSpan>
                <NumLines>1</NumLines>
                <IsQuickEntry>N</IsQuickEntry>
                <IsUpdateable/>
                <IsAlwaysUpdateable/>
                <MandatoryLogic/>
                <ReadOnlyLogic/>
                <IsToolbarButton/>
                <IsDefaultFocus>N</IsDefaultFocus>
                <IsAdvancedField>N</IsAdvancedField>
                <VFormat/>
                <AD_LabelStyle_ID reference="id"/>
                <AD_FieldStyle_ID reference="id"/>
                <IsQuickForm>N</IsQuickForm>
                <Placeholder/>
                <IsSelectionColumn/>
                <AD_Val_Rule_Lookup_ID reference="id"/>
                <ColumnSQL/>
                <AD_Field_Trl type="translation">
                    <Description>Integración de Tercero a una Organización</Description>
                    <Help>Si el tercero esta en otra organización, seleccione la organización o fije para crear una nueva organización. Usted liga a tercero a una organización para crear los documentos explícitos para la Integración-Org transacción. Si usted crea una nueva organización, usted puede proveer un tipo de la organización. Si usted selecciona un rol, el acceso a la nueva organización se limita a ese rol, si no todo los roles (no manual) del grupo empresarial tendrán acceso a la nueva organización.</Help>
                    <Name>Liga Organización</Name>
                    <Placeholder/>
                    <AD_Language>es_CO</AD_Language>
                    <IsActive>Y</IsActive>
                    <IsTranslated>Y</IsTranslated>
                </AD_Field_Trl>
                <AD_Field_Trl type="translation">
                    <Description>Integración de Tercero a una Organización</Description>
                    <Help>Si el tercero esta en otra organización, seleccione la organización o fije para crear una nueva organización. Usted liga a tercero a una organización para crear los documentos explícitos para la Integración-Org transacción. Si usted crea una nueva organización, usted puede proveer un tipo de la organización. Si usted selecciona un rol, el acceso a la nueva organización se limita a ese rol, si no todo los roles (no manual) del grupo empresarial tendrán acceso a la nueva organización.</Help>
                    <Name>Liga Organización</Name>
                    <Placeholder/>
                    <AD_Language>es_PA</AD_Language>
                    <IsActive>Y</IsActive>
                    <IsTranslated>Y</IsTranslated>
                </AD_Field_Trl>
            </AD_Field>
            <AD_Field type="table">
                <AD_Client_ID>0</AD_Client_ID>
                <AD_Org_ID>0</AD_Org_ID>
                <Name>Price List Schema</Name>
                <Description>Schema to calculate price lists</Description>
                <Help/>
                <AD_Tab_ID reference="uuid" reference-key="AD_Tab">0866e818-4e6f-43d4-aeae-691b1c601391</AD_Tab_ID>
                <AD_Column_ID reference="id">6579</AD_Column_ID>
                <IsDisplayed>N</IsDisplayed>
                <DisplayLogic/>
                <DisplayLength>14</DisplayLength>
                <SeqNo>0</SeqNo>
                <SortNo>0</SortNo>
                <IsSameLine>N</IsSameLine>
                <IsHeading>N</IsHeading>
                <IsFieldOnly>N</IsFieldOnly>
                <IsEncrypted>N</IsEncrypted>
                <AD_Org_ID reference="id">0</AD_Org_ID>
                <IsActive>Y</IsActive>
                <IsReadOnly>N</IsReadOnly>
                <IsCentrallyMaintained>Y</IsCentrallyMaintained>
                <AD_FieldGroup_ID reference="id"/>
                <EntityType>ve.net.dcs.HumanTalent</EntityType>
                <ObscureType/>
                <AD_Reference_ID reference="id"/>
                <IsMandatory/>
                <DefaultValue/>
                <AD_Reference_Value_ID reference="id"/>
                <AD_Val_Rule_ID reference="id"/>
                <Included_Tab_ID reference="id"/>
                <AD_Field_UU>9b393168-e7ef-4b0c-aec8-4b1778260258</AD_Field_UU>
                <IsAllowCopy/>
                <IsDisplayedGrid>N</IsDisplayedGrid>
                <SeqNoGrid>0</SeqNoGrid>
                <XPosition>1</XPosition>
                <ColumnSpan>2</ColumnSpan>
                <NumLines>1</NumLines>
                <IsQuickEntry>N</IsQuickEntry>
                <IsUpdateable/>
                <IsAlwaysUpdateable/>
                <MandatoryLogic/>
                <ReadOnlyLogic/>
                <IsToolbarButton/>
                <IsDefaultFocus>N</IsDefaultFocus>
                <IsAdvancedField>N</IsAdvancedField>
                <VFormat/>
                <AD_LabelStyle_ID reference="id"/>
                <AD_FieldStyle_ID reference="id"/>
                <IsQuickForm>N</IsQuickForm>
                <Placeholder/>
                <IsSelectionColumn/>
                <AD_Val_Rule_Lookup_ID reference="id"/>
                <ColumnSQL/>
                <AD_Field_Trl type="translation">
                    <Description>Esquema para calcular el porcentaje de descuento comercial</Description>
                    <Help>Después del cálculo de precio (estándar); el porcentaje de descuento comercial es calculado y aplicado resultando en el precio final</Help>
                    <Name>Esq List Precios/Desc</Name>
                    <Placeholder/>
                    <AD_Language>es_CO</AD_Language>
                    <IsActive>Y</IsActive>
                    <IsTranslated>Y</IsTranslated>
                </AD_Field_Trl>
                <AD_Field_Trl type="translation">
                    <Description>Esquema para calcular el porcentaje de descuento comercial</Description>
                    <Help>Después del cálculo de precio (estándar); el porcentaje de descuento comercial es calculado y aplicado resultando en el precio final</Help>
                    <Name>Esq List Precios/Desc</Name>
                    <Placeholder/>
                    <AD_Language>es_PA</AD_Language>
                    <IsActive>Y</IsActive>
                    <IsTranslated>Y</IsTranslated>
                </AD_Field_Trl>
            </AD_Field>
            <AD_Field type="table">
                <AD_Client_ID>0</AD_Client_ID>
                <AD_Org_ID>0</AD_Org_ID>
                <Name>Company Agent</Name>
                <Description>Business Partner responsible for documents</Description>
                <Help>The Sales Rep checkbox indicates if this business partner is a company agent. A company agent may also be an employee, but does not need to be.</Help>
                <AD_Tab_ID reference="uuid" reference-key="AD_Tab">0866e818-4e6f-43d4-aeae-691b1c601391</AD_Tab_ID>
                <AD_Column_ID reference="id">2929</AD_Column_ID>
                <IsDisplayed>Y</IsDisplayed>
                <DisplayLogic/>
                <DisplayLength>1</DisplayLength>
                <SeqNo>120</SeqNo>
                <SortNo>0</SortNo>
                <IsSameLine>N</IsSameLine>
                <IsHeading>N</IsHeading>
                <IsFieldOnly>N</IsFieldOnly>
                <IsEncrypted>N</IsEncrypted>
                <AD_Org_ID reference="id">0</AD_Org_ID>
                <IsActive>Y</IsActive>
                <IsReadOnly>N</IsReadOnly>
                <IsCentrallyMaintained>Y</IsCentrallyMaintained>
                <AD_FieldGroup_ID reference="id"/>
                <EntityType>ve.net.dcs.HumanTalent</EntityType>
                <ObscureType/>
                <AD_Reference_ID reference="id"/>
                <IsMandatory/>
                <DefaultValue/>
                <AD_Reference_Value_ID reference="id"/>
                <AD_Val_Rule_ID reference="id"/>
                <Included_Tab_ID reference="id"/>
                <AD_Field_UU>14c6464d-f6a1-4927-8610-5d10ca2431f7</AD_Field_UU>
                <IsAllowCopy/>
                <IsDisplayedGrid>Y</IsDisplayedGrid>
                <SeqNoGrid>120</SeqNoGrid>
                <XPosition>2</XPosition>
                <ColumnSpan>2</ColumnSpan>
                <NumLines>1</NumLines>
                <IsQuickEntry>N</IsQuickEntry>
                <IsUpdateable/>
                <IsAlwaysUpdateable/>
                <MandatoryLogic/>
                <ReadOnlyLogic/>
                <IsToolbarButton/>
                <IsDefaultFocus>N</IsDefaultFocus>
                <IsAdvancedField>N</IsAdvancedField>
                <VFormat/>
                <AD_LabelStyle_ID reference="id"/>
                <AD_FieldStyle_ID reference="id"/>
                <IsQuickForm>N</IsQuickForm>
                <Placeholder/>
                <IsSelectionColumn/>
                <AD_Val_Rule_Lookup_ID reference="id"/>
                <ColumnSQL/>
                <AD_Field_Trl type="translation">
                    <Description>Persona responsable de documentos.</Description>
                    <Help/>
                    <Name>Representante Compañía</Name>
                    <Placeholder/>
                    <AD_Language>es_CO</AD_Language>
                    <IsActive>Y</IsActive>
                    <IsTranslated>Y</IsTranslated>
                </AD_Field_Trl>
                <AD_Field_Trl type="translation">
                    <Description>Persona responsable de documentos.</Description>
                    <Help/>
                    <Name>Representante Compañía</Name>
                    <Placeholder/>
                    <AD_Language>es_PA</AD_Language>
                    <IsActive>Y</IsActive>
                    <IsTranslated>Y</IsTranslated>
                </AD_Field_Trl>
            </AD_Field>
            <AD_Field type="table">
                <AD_Client_ID>0</AD_Client_ID>
                <AD_Org_ID>0</AD_Org_ID>
                <Name>Company Agent</Name>
                <Description>Purchase or Company Agent</Description>
                <Help>Purchase agent for the document. Any Sales Rep must be a valid internal user.</Help>
                <AD_Tab_ID reference="uuid" reference-key="AD_Tab">0866e818-4e6f-43d4-aeae-691b1c601391</AD_Tab_ID>
                <AD_Column_ID reference="id">4431</AD_Column_ID>
                <IsDisplayed>Y</IsDisplayed>
                <DisplayLogic>@IsSalesRep@ = 'Y'</DisplayLogic>
                <DisplayLength>14</DisplayLength>
                <SeqNo>130</SeqNo>
                <SortNo>0</SortNo>
                <IsSameLine>Y</IsSameLine>
                <IsHeading>N</IsHeading>
                <IsFieldOnly>N</IsFieldOnly>
                <IsEncrypted>N</IsEncrypted>
                <AD_Org_ID reference="id">0</AD_Org_ID>
                <IsActive>Y</IsActive>
                <IsReadOnly>N</IsReadOnly>
                <IsCentrallyMaintained>Y</IsCentrallyMaintained>
                <AD_FieldGroup_ID reference="id"/>
                <EntityType>ve.net.dcs.HumanTalent</EntityType>
                <ObscureType/>
                <AD_Reference_ID reference="id"/>
                <IsMandatory/>
                <DefaultValue/>
                <AD_Reference_Value_ID reference="id"/>
                <AD_Val_Rule_ID reference="id"/>
                <Included_Tab_ID reference="id"/>
                <AD_Field_UU>8053308b-f792-42b7-bdc6-0243cd81decd</AD_Field_UU>
                <IsAllowCopy/>
                <IsDisplayedGrid>Y</IsDisplayedGrid>
                <SeqNoGrid>130</SeqNoGrid>
                <XPosition>4</XPosition>
                <ColumnSpan>2</ColumnSpan>
                <NumLines>1</NumLines>
                <IsQuickEntry>N</IsQuickEntry>
                <IsUpdateable/>
                <IsAlwaysUpdateable/>
                <MandatoryLogic/>
                <ReadOnlyLogic/>
                <IsToolbarButton/>
                <IsDefaultFocus>N</IsDefaultFocus>
                <IsAdvancedField>N</IsAdvancedField>
                <VFormat/>
                <AD_LabelStyle_ID reference="id"/>
                <AD_FieldStyle_ID reference="id"/>
                <IsQuickForm>N</IsQuickForm>
                <Placeholder/>
                <IsSelectionColumn/>
                <AD_Val_Rule_Lookup_ID reference="id"/>
                <ColumnSQL/>
                <AD_Field_Trl type="translation">
                    <Description>Representante Compañía</Description>
                    <Help>Agente de compras para el documento.</Help>
                    <Name>Representante Compañía</Name>
                    <Placeholder/>
                    <AD_Language>es_CO</AD_Language>
                    <IsActive>Y</IsActive>
                    <IsTranslated>Y</IsTranslated>
                </AD_Field_Trl>
                <AD_Field_Trl type="translation">
                    <Description>Representante Compañía</Description>
                    <Help>Agente de compras para el documento.</Help>
                    <Name>Representante Compañía</Name>
                    <Placeholder/>
                    <AD_Language>es_PA</AD_Language>
                    <IsActive>Y</IsActive>
                    <IsTranslated>Y</IsTranslated>
                </AD_Field_Trl>
            </AD_Field>
        </AD_Menu>
        <AD_Menu type="table">
            <Parent_ID reference="uuid" reference-key="AD_Menu">25ac697b-718a-44c9-80cc-b2710c689547</Parent_ID>
            <SeqNo>8</SeqNo>
            <AD_Client_ID>0</AD_Client_ID>
            <AD_Org_ID>0</AD_Org_ID>
            <Name>Medic Control</Name>
            <Description/>
            <Action>W</Action>
            <AD_Window_ID reference="uuid" reference-key="AD_Window">14eb8c47-9f3b-4ecb-bfae-13c57c823a33</AD_Window_ID>
            <AD_Workflow_ID reference="id"/>
            <AD_Task_ID reference="id"/>
            <AD_Org_ID reference="id">0</AD_Org_ID>
            <IsActive>Y</IsActive>
            <IsSummary>N</IsSummary>
            <AD_Process_ID reference="id"/>
            <IsSOTrx>N</IsSOTrx>
            <AD_Form_ID reference="id"/>
            <IsReadOnly>N</IsReadOnly>
            <EntityType>ve.net.dcs.HumanTalent</EntityType>
            <IsCentrallyMaintained>Y</IsCentrallyMaintained>
            <AD_Menu_UU>6d644599-5987-4c1f-b9b1-51c4a5a04bff</AD_Menu_UU>
            <AD_InfoWindow_ID reference="id"/>
            <PredefinedContextVariables/>
            <AD_Field type="table">
                <AD_Client_ID>0</AD_Client_ID>
                <AD_Org_ID>0</AD_Org_ID>
                <Name>Link Organization</Name>
                <Description>Link Business Partner to an Organization</Description>
                <Help>If the Business Partner is another Organization, select the Organization or set to empty to create a new Organization.  You link a Business Partner to an Organization to create explicit Documents for Inter-Org transaction.
If you create a new Organization, you may supply a Organization Type.  If you select a Role, the access to the new Organization is limited to that role, otherwise all (non manual) roles of the Client will have access to the new Organization.</Help>
                <AD_Tab_ID reference="uuid" reference-key="AD_Tab">a2ca05ac-bf70-4b54-83d4-7c7fc23caeda</AD_Tab_ID>
                <AD_Column_ID reference="id">10927</AD_Column_ID>
                <IsDisplayed>N</IsDisplayed>
                <DisplayLogic>@IsEmployee@=N</DisplayLogic>
                <DisplayLength>23</DisplayLength>
                <SeqNo>0</SeqNo>
                <SortNo>0</SortNo>
                <IsSameLine>Y</IsSameLine>
                <IsHeading>N</IsHeading>
                <IsFieldOnly>N</IsFieldOnly>
                <IsEncrypted>N</IsEncrypted>
                <AD_Org_ID reference="id">0</AD_Org_ID>
                <IsActive>Y</IsActive>
                <IsReadOnly>N</IsReadOnly>
                <IsCentrallyMaintained>Y</IsCentrallyMaintained>
                <AD_FieldGroup_ID reference="id"/>
                <EntityType>ve.net.dcs.HumanTalent</EntityType>
                <ObscureType/>
                <AD_Reference_ID reference="id"/>
                <IsMandatory/>
                <DefaultValue/>
                <AD_Reference_Value_ID reference="id"/>
                <AD_Val_Rule_ID reference="id"/>
                <Included_Tab_ID reference="id"/>
                <AD_Field_UU>2180c712-0a3b-46eb-9ba6-3eaac5a8ce9b</AD_Field_UU>
                <IsAllowCopy/>
                <IsDisplayedGrid>N</IsDisplayedGrid>
                <SeqNoGrid>0</SeqNoGrid>
                <XPosition>5</XPosition>
                <ColumnSpan>2</ColumnSpan>
                <NumLines>1</NumLines>
                <IsQuickEntry>N</IsQuickEntry>
                <IsUpdateable/>
                <IsAlwaysUpdateable/>
                <MandatoryLogic/>
                <ReadOnlyLogic/>
                <IsToolbarButton/>
                <IsDefaultFocus>N</IsDefaultFocus>
                <IsAdvancedField>N</IsAdvancedField>
                <VFormat/>
                <AD_LabelStyle_ID reference="id"/>
                <AD_FieldStyle_ID reference="id"/>
                <IsQuickForm>N</IsQuickForm>
                <Placeholder/>
                <IsSelectionColumn/>
                <AD_Val_Rule_Lookup_ID reference="id"/>
                <ColumnSQL/>
                <AD_Field_Trl type="translation">
                    <Description>Integración de Tercero a una Organización</Description>
                    <Help>Si el tercero esta en otra organización, seleccione la organización o fije para crear una nueva organización. Usted liga a tercero a una organización para crear los documentos explícitos para la Integración-Org transacción. Si usted crea una nueva organización, usted puede proveer un tipo de la organización. Si usted selecciona un rol, el acceso a la nueva organización se limita a ese rol, si no todo los roles (no manual) del grupo empresarial tendrán acceso a la nueva organización.</Help>
                    <Name>Liga Organización</Name>
                    <Placeholder/>
                    <AD_Language>es_CO</AD_Language>
                    <IsActive>Y</IsActive>
                    <IsTranslated>Y</IsTranslated>
                </AD_Field_Trl>
                <AD_Field_Trl type="translation">
                    <Description>Integración de Tercero a una Organización</Description>
                    <Help>Si el tercero esta en otra organización, seleccione la organización o fije para crear una nueva organización. Usted liga a tercero a una organización para crear los documentos explícitos para la Integración-Org transacción. Si usted crea una nueva organización, usted puede proveer un tipo de la organización. Si usted selecciona un rol, el acceso a la nueva organización se limita a ese rol, si no todo los roles (no manual) del grupo empresarial tendrán acceso a la nueva organización.</Help>
                    <Name>Liga Organización</Name>
                    <Placeholder/>
                    <AD_Language>es_PA</AD_Language>
                    <IsActive>Y</IsActive>
                    <IsTranslated>Y</IsTranslated>
                </AD_Field_Trl>
            </AD_Field>
            <AD_Field type="table">
                <AD_Client_ID>0</AD_Client_ID>
                <AD_Org_ID>0</AD_Org_ID>
                <Name>Price List Schema</Name>
                <Description>Schema to calculate price lists</Description>
                <Help/>
                <AD_Tab_ID reference="uuid" reference-key="AD_Tab">a2ca05ac-bf70-4b54-83d4-7c7fc23caeda</AD_Tab_ID>
                <AD_Column_ID reference="id">6579</AD_Column_ID>
                <IsDisplayed>N</IsDisplayed>
                <DisplayLogic/>
                <DisplayLength>14</DisplayLength>
                <SeqNo>0</SeqNo>
                <SortNo>0</SortNo>
                <IsSameLine>N</IsSameLine>
                <IsHeading>N</IsHeading>
                <IsFieldOnly>N</IsFieldOnly>
                <IsEncrypted>N</IsEncrypted>
                <AD_Org_ID reference="id">0</AD_Org_ID>
                <IsActive>Y</IsActive>
                <IsReadOnly>N</IsReadOnly>
                <IsCentrallyMaintained>Y</IsCentrallyMaintained>
                <AD_FieldGroup_ID reference="id"/>
                <EntityType>ve.net.dcs.HumanTalent</EntityType>
                <ObscureType/>
                <AD_Reference_ID reference="id"/>
                <IsMandatory/>
                <DefaultValue/>
                <AD_Reference_Value_ID reference="id"/>
                <AD_Val_Rule_ID reference="id"/>
                <Included_Tab_ID reference="id"/>
                <AD_Field_UU>01223ee5-fde3-4297-9e5c-bd2687d40d79</AD_Field_UU>
                <IsAllowCopy/>
                <IsDisplayedGrid>N</IsDisplayedGrid>
                <SeqNoGrid>0</SeqNoGrid>
                <XPosition>1</XPosition>
                <ColumnSpan>2</ColumnSpan>
                <NumLines>1</NumLines>
                <IsQuickEntry>N</IsQuickEntry>
                <IsUpdateable/>
                <IsAlwaysUpdateable/>
                <MandatoryLogic/>
                <ReadOnlyLogic/>
                <IsToolbarButton/>
                <IsDefaultFocus>N</IsDefaultFocus>
                <IsAdvancedField>N</IsAdvancedField>
                <VFormat/>
                <AD_LabelStyle_ID reference="id"/>
                <AD_FieldStyle_ID reference="id"/>
                <IsQuickForm>N</IsQuickForm>
                <Placeholder/>
                <IsSelectionColumn/>
                <AD_Val_Rule_Lookup_ID reference="id"/>
                <ColumnSQL/>
                <AD_Field_Trl type="translation">
                    <Description>Esquema para calcular el porcentaje de descuento comercial</Description>
                    <Help>Después del cálculo de precio (estándar); el porcentaje de descuento comercial es calculado y aplicado resultando en el precio final</Help>
                    <Name>Esq List Precios/Desc</Name>
                    <Placeholder/>
                    <AD_Language>es_CO</AD_Language>
                    <IsActive>Y</IsActive>
                    <IsTranslated>Y</IsTranslated>
                </AD_Field_Trl>
                <AD_Field_Trl type="translation">
                    <Description>Esquema para calcular el porcentaje de descuento comercial</Description>
                    <Help>Después del cálculo de precio (estándar); el porcentaje de descuento comercial es calculado y aplicado resultando en el precio final</Help>
                    <Name>Esq List Precios/Desc</Name>
                    <Placeholder/>
                    <AD_Language>es_PA</AD_Language>
                    <IsActive>Y</IsActive>
                    <IsTranslated>Y</IsTranslated>
                </AD_Field_Trl>
            </AD_Field>
            <AD_Field type="table">
                <AD_Client_ID>0</AD_Client_ID>
                <AD_Org_ID>0</AD_Org_ID>
                <Name>Company Agent</Name>
                <Description>Business Partner responsible for documents</Description>
                <Help>The Sales Rep checkbox indicates if this business partner is a company agent. A company agent may also be an employee, but does not need to be.</Help>
                <AD_Tab_ID reference="uuid" reference-key="AD_Tab">a2ca05ac-bf70-4b54-83d4-7c7fc23caeda</AD_Tab_ID>
                <AD_Column_ID reference="id">2929</AD_Column_ID>
                <IsDisplayed>Y</IsDisplayed>
                <DisplayLogic/>
                <DisplayLength>1</DisplayLength>
                <SeqNo>120</SeqNo>
                <SortNo>0</SortNo>
                <IsSameLine>N</IsSameLine>
                <IsHeading>N</IsHeading>
                <IsFieldOnly>N</IsFieldOnly>
                <IsEncrypted>N</IsEncrypted>
                <AD_Org_ID reference="id">0</AD_Org_ID>
                <IsActive>Y</IsActive>
                <IsReadOnly>N</IsReadOnly>
                <IsCentrallyMaintained>Y</IsCentrallyMaintained>
                <AD_FieldGroup_ID reference="id"/>
                <EntityType>ve.net.dcs.HumanTalent</EntityType>
                <ObscureType/>
                <AD_Reference_ID reference="id"/>
                <IsMandatory/>
                <DefaultValue/>
                <AD_Reference_Value_ID reference="id"/>
                <AD_Val_Rule_ID reference="id"/>
                <Included_Tab_ID reference="id"/>
                <AD_Field_UU>88c2889e-50c4-43da-b8c9-ea5b19ebf2c9</AD_Field_UU>
                <IsAllowCopy/>
                <IsDisplayedGrid>Y</IsDisplayedGrid>
                <SeqNoGrid>120</SeqNoGrid>
                <XPosition>2</XPosition>
                <ColumnSpan>2</ColumnSpan>
                <NumLines>1</NumLines>
                <IsQuickEntry>N</IsQuickEntry>
                <IsUpdateable/>
                <IsAlwaysUpdateable/>
                <MandatoryLogic/>
                <ReadOnlyLogic/>
                <IsToolbarButton/>
                <IsDefaultFocus>N</IsDefaultFocus>
                <IsAdvancedField>N</IsAdvancedField>
                <VFormat/>
                <AD_LabelStyle_ID reference="id"/>
                <AD_FieldStyle_ID reference="id"/>
                <IsQuickForm>N</IsQuickForm>
                <Placeholder/>
                <IsSelectionColumn/>
                <AD_Val_Rule_Lookup_ID reference="id"/>
                <ColumnSQL/>
                <AD_Field_Trl type="translation">
                    <Description>Persona responsable de documentos.</Description>
                    <Help/>
                    <Name>Representante Compañía</Name>
                    <Placeholder/>
                    <AD_Language>es_CO</AD_Language>
                    <IsActive>Y</IsActive>
                    <IsTranslated>Y</IsTranslated>
                </AD_Field_Trl>
                <AD_Field_Trl type="translation">
                    <Description>Persona responsable de documentos.</Description>
                    <Help/>
                    <Name>Representante Compañía</Name>
                    <Placeholder/>
                    <AD_Language>es_PA</AD_Language>
                    <IsActive>Y</IsActive>
                    <IsTranslated>Y</IsTranslated>
                </AD_Field_Trl>
            </AD_Field>
            <AD_Field type="table">
                <AD_Client_ID>0</AD_Client_ID>
                <AD_Org_ID>0</AD_Org_ID>
                <Name>Company Agent</Name>
                <Description>Purchase or Company Agent</Description>
                <Help>Purchase agent for the document. Any Sales Rep must be a valid internal user.</Help>
                <AD_Tab_ID reference="uuid" reference-key="AD_Tab">a2ca05ac-bf70-4b54-83d4-7c7fc23caeda</AD_Tab_ID>
                <AD_Column_ID reference="id">4431</AD_Column_ID>
                <IsDisplayed>Y</IsDisplayed>
                <DisplayLogic>@IsSalesRep@ = 'Y'</DisplayLogic>
                <DisplayLength>14</DisplayLength>
                <SeqNo>130</SeqNo>
                <SortNo>0</SortNo>
                <IsSameLine>Y</IsSameLine>
                <IsHeading>N</IsHeading>
                <IsFieldOnly>N</IsFieldOnly>
                <IsEncrypted>N</IsEncrypted>
                <AD_Org_ID reference="id">0</AD_Org_ID>
                <IsActive>Y</IsActive>
                <IsReadOnly>N</IsReadOnly>
                <IsCentrallyMaintained>Y</IsCentrallyMaintained>
                <AD_FieldGroup_ID reference="id"/>
                <EntityType>ve.net.dcs.HumanTalent</EntityType>
                <ObscureType/>
                <AD_Reference_ID reference="id"/>
                <IsMandatory/>
                <DefaultValue/>
                <AD_Reference_Value_ID reference="id"/>
                <AD_Val_Rule_ID reference="id"/>
                <Included_Tab_ID reference="id"/>
                <AD_Field_UU>f9a165fc-c777-4700-ada4-24366fe2c900</AD_Field_UU>
                <IsAllowCopy/>
                <IsDisplayedGrid>Y</IsDisplayedGrid>
                <SeqNoGrid>130</SeqNoGrid>
                <XPosition>4</XPosition>
                <ColumnSpan>2</ColumnSpan>
                <NumLines>1</NumLines>
                <IsQuickEntry>N</IsQuickEntry>
                <IsUpdateable/>
                <IsAlwaysUpdateable/>
                <MandatoryLogic/>
                <ReadOnlyLogic/>
                <IsToolbarButton/>
                <IsDefaultFocus>N</IsDefaultFocus>
                <IsAdvancedField>N</IsAdvancedField>
                <VFormat/>
                <AD_LabelStyle_ID reference="id"/>
                <AD_FieldStyle_ID reference="id"/>
                <IsQuickForm>N</IsQuickForm>
                <Placeholder/>
                <IsSelectionColumn/>
                <AD_Val_Rule_Lookup_ID reference="id"/>
                <ColumnSQL/>
                <AD_Field_Trl type="translation">
                    <Description>Representante Compañía</Description>
                    <Help>Agente de compras para el documento.</Help>
                    <Name>Representante Compañía</Name>
                    <Placeholder/>
                    <AD_Language>es_CO</AD_Language>
                    <IsActive>Y</IsActive>
                    <IsTranslated>Y</IsTranslated>
                </AD_Field_Trl>
                <AD_Field_Trl type="translation">
                    <Description>Representante Compañía</Description>
                    <Help>Agente de compras para el documento.</Help>
                    <Name>Representante Compañía</Name>
                    <Placeholder/>
                    <AD_Language>es_PA</AD_Language>
                    <IsActive>Y</IsActive>
                    <IsTranslated>Y</IsTranslated>
                </AD_Field_Trl>
            </AD_Field>
        </AD_Menu>
        <AD_Menu type="table">
            <Parent_ID reference="uuid" reference-key="AD_Menu">25ac697b-718a-44c9-80cc-b2710c689547</Parent_ID>
            <SeqNo>5</SeqNo>
            <AD_Client_ID>0</AD_Client_ID>
            <AD_Org_ID>0</AD_Org_ID>
            <Name>Profile Employee</Name>
            <Description/>
            <Action>W</Action>
            <AD_Window_ID reference="uuid" reference-key="AD_Window">462b63fe-51de-4cc2-886f-54e122d98f52</AD_Window_ID>
            <AD_Workflow_ID reference="id"/>
            <AD_Task_ID reference="id"/>
            <AD_Org_ID reference="id">0</AD_Org_ID>
            <IsActive>Y</IsActive>
            <IsSummary>N</IsSummary>
            <AD_Process_ID reference="id"/>
            <IsSOTrx>N</IsSOTrx>
            <AD_Form_ID reference="id"/>
            <IsReadOnly>N</IsReadOnly>
            <EntityType>ve.net.dcs.HumanTalent</EntityType>
            <IsCentrallyMaintained>Y</IsCentrallyMaintained>
            <AD_Menu_UU>2e6a1170-55a0-4d33-b051-05c72a519646</AD_Menu_UU>
            <AD_InfoWindow_ID reference="id"/>
            <PredefinedContextVariables/>
            <AD_Field type="table">
                <AD_Client_ID>0</AD_Client_ID>
                <AD_Org_ID>0</AD_Org_ID>
                <Name>Link Organization</Name>
                <Description>Link Business Partner to an Organization</Description>
                <Help>If the Business Partner is another Organization, select the Organization or set to empty to create a new Organization.  You link a Business Partner to an Organization to create explicit Documents for Inter-Org transaction.
If you create a new Organization, you may supply a Organization Type.  If you select a Role, the access to the new Organization is limited to that role, otherwise all (non manual) roles of the Client will have access to the new Organization.</Help>
                <AD_Tab_ID reference="uuid" reference-key="AD_Tab">09bbc971-1e95-4e0c-866b-85d508faeced</AD_Tab_ID>
                <AD_Column_ID reference="id">10927</AD_Column_ID>
                <IsDisplayed>N</IsDisplayed>
                <DisplayLogic>@IsEmployee@=N</DisplayLogic>
                <DisplayLength>23</DisplayLength>
                <SeqNo>0</SeqNo>
                <SortNo>0</SortNo>
                <IsSameLine>Y</IsSameLine>
                <IsHeading>N</IsHeading>
                <IsFieldOnly>N</IsFieldOnly>
                <IsEncrypted>N</IsEncrypted>
                <AD_Org_ID reference="id">0</AD_Org_ID>
                <IsActive>Y</IsActive>
                <IsReadOnly>N</IsReadOnly>
                <IsCentrallyMaintained>Y</IsCentrallyMaintained>
                <AD_FieldGroup_ID reference="id"/>
                <EntityType>ve.net.dcs.HumanTalent</EntityType>
                <ObscureType/>
                <AD_Reference_ID reference="id"/>
                <IsMandatory/>
                <DefaultValue/>
                <AD_Reference_Value_ID reference="id"/>
                <AD_Val_Rule_ID reference="id"/>
                <Included_Tab_ID reference="id"/>
                <AD_Field_UU>edbce33a-338f-402a-b4ee-3f12a5f4ec30</AD_Field_UU>
                <IsAllowCopy/>
                <IsDisplayedGrid>N</IsDisplayedGrid>
                <SeqNoGrid>0</SeqNoGrid>
                <XPosition>5</XPosition>
                <ColumnSpan>2</ColumnSpan>
                <NumLines>1</NumLines>
                <IsQuickEntry>N</IsQuickEntry>
                <IsUpdateable/>
                <IsAlwaysUpdateable/>
                <MandatoryLogic/>
                <ReadOnlyLogic/>
                <IsToolbarButton/>
                <IsDefaultFocus>N</IsDefaultFocus>
                <IsAdvancedField>N</IsAdvancedField>
                <VFormat/>
                <AD_LabelStyle_ID reference="id"/>
                <AD_FieldStyle_ID reference="id"/>
                <IsQuickForm>N</IsQuickForm>
                <Placeholder/>
                <IsSelectionColumn/>
                <AD_Val_Rule_Lookup_ID reference="id"/>
                <ColumnSQL/>
                <AD_Field_Trl type="translation">
                    <Description>Integración de Tercero a una Organización</Description>
                    <Help>Si el tercero esta en otra organización, seleccione la organización o fije para crear una nueva organización. Usted liga a tercero a una organización para crear los documentos explícitos para la Integración-Org transacción. Si usted crea una nueva organización, usted puede proveer un tipo de la organización. Si usted selecciona un rol, el acceso a la nueva organización se limita a ese rol, si no todo los roles (no manual) del grupo empresarial tendrán acceso a la nueva organización.</Help>
                    <Name>Liga Organización</Name>
                    <Placeholder/>
                    <AD_Language>es_CO</AD_Language>
                    <IsActive>Y</IsActive>
                    <IsTranslated>Y</IsTranslated>
                </AD_Field_Trl>
                <AD_Field_Trl type="translation">
                    <Description>Integración de Tercero a una Organización</Description>
                    <Help>Si el tercero esta en otra organización, seleccione la organización o fije para crear una nueva organización. Usted liga a tercero a una organización para crear los documentos explícitos para la Integración-Org transacción. Si usted crea una nueva organización, usted puede proveer un tipo de la organización. Si usted selecciona un rol, el acceso a la nueva organización se limita a ese rol, si no todo los roles (no manual) del grupo empresarial tendrán acceso a la nueva organización.</Help>
                    <Name>Liga Organización</Name>
                    <Placeholder/>
                    <AD_Language>es_PA</AD_Language>
                    <IsActive>Y</IsActive>
                    <IsTranslated>Y</IsTranslated>
                </AD_Field_Trl>
            </AD_Field>
            <AD_Field type="table">
                <AD_Client_ID>0</AD_Client_ID>
                <AD_Org_ID>0</AD_Org_ID>
                <Name>Price List Schema</Name>
                <Description>Schema to calculate price lists</Description>
                <Help/>
                <AD_Tab_ID reference="uuid" reference-key="AD_Tab">09bbc971-1e95-4e0c-866b-85d508faeced</AD_Tab_ID>
                <AD_Column_ID reference="id">6579</AD_Column_ID>
                <IsDisplayed>N</IsDisplayed>
                <DisplayLogic/>
                <DisplayLength>14</DisplayLength>
                <SeqNo>0</SeqNo>
                <SortNo>0</SortNo>
                <IsSameLine>N</IsSameLine>
                <IsHeading>N</IsHeading>
                <IsFieldOnly>N</IsFieldOnly>
                <IsEncrypted>N</IsEncrypted>
                <AD_Org_ID reference="id">0</AD_Org_ID>
                <IsActive>Y</IsActive>
                <IsReadOnly>N</IsReadOnly>
                <IsCentrallyMaintained>Y</IsCentrallyMaintained>
                <AD_FieldGroup_ID reference="id"/>
                <EntityType>ve.net.dcs.HumanTalent</EntityType>
                <ObscureType/>
                <AD_Reference_ID reference="id"/>
                <IsMandatory/>
                <DefaultValue/>
                <AD_Reference_Value_ID reference="id"/>
                <AD_Val_Rule_ID reference="id"/>
                <Included_Tab_ID reference="id"/>
                <AD_Field_UU>a60a7e28-bb35-47d3-a3cb-4116e8785ab8</AD_Field_UU>
                <IsAllowCopy/>
                <IsDisplayedGrid>N</IsDisplayedGrid>
                <SeqNoGrid>0</SeqNoGrid>
                <XPosition>1</XPosition>
                <ColumnSpan>2</ColumnSpan>
                <NumLines>1</NumLines>
                <IsQuickEntry>N</IsQuickEntry>
                <IsUpdateable/>
                <IsAlwaysUpdateable/>
                <MandatoryLogic/>
                <ReadOnlyLogic/>
                <IsToolbarButton/>
                <IsDefaultFocus>N</IsDefaultFocus>
                <IsAdvancedField>N</IsAdvancedField>
                <VFormat/>
                <AD_LabelStyle_ID reference="id"/>
                <AD_FieldStyle_ID reference="id"/>
                <IsQuickForm>N</IsQuickForm>
                <Placeholder/>
                <IsSelectionColumn/>
                <AD_Val_Rule_Lookup_ID reference="id"/>
                <ColumnSQL/>
                <AD_Field_Trl type="translation">
                    <Description>Esquema para calcular el porcentaje de descuento comercial</Description>
                    <Help>Después del cálculo de precio (estándar); el porcentaje de descuento comercial es calculado y aplicado resultando en el precio final</Help>
                    <Name>Esq List Precios/Desc</Name>
                    <Placeholder/>
                    <AD_Language>es_CO</AD_Language>
                    <IsActive>Y</IsActive>
                    <IsTranslated>Y</IsTranslated>
                </AD_Field_Trl>
                <AD_Field_Trl type="translation">
                    <Description>Esquema para calcular el porcentaje de descuento comercial</Description>
                    <Help>Después del cálculo de precio (estándar); el porcentaje de descuento comercial es calculado y aplicado resultando en el precio final</Help>
                    <Name>Esq List Precios/Desc</Name>
                    <Placeholder/>
                    <AD_Language>es_PA</AD_Language>
                    <IsActive>Y</IsActive>
                    <IsTranslated>Y</IsTranslated>
                </AD_Field_Trl>
            </AD_Field>
            <AD_Field type="table">
                <AD_Client_ID>0</AD_Client_ID>
                <AD_Org_ID>0</AD_Org_ID>
                <Name>Company Agent</Name>
                <Description>Business Partner responsible for documents</Description>
                <Help>The Sales Rep checkbox indicates if this business partner is a company agent. A company agent may also be an employee, but does not need to be.</Help>
                <AD_Tab_ID reference="uuid" reference-key="AD_Tab">09bbc971-1e95-4e0c-866b-85d508faeced</AD_Tab_ID>
                <AD_Column_ID reference="id">2929</AD_Column_ID>
                <IsDisplayed>Y</IsDisplayed>
                <DisplayLogic/>
                <DisplayLength>1</DisplayLength>
                <SeqNo>120</SeqNo>
                <SortNo>0</SortNo>
                <IsSameLine>N</IsSameLine>
                <IsHeading>N</IsHeading>
                <IsFieldOnly>N</IsFieldOnly>
                <IsEncrypted>N</IsEncrypted>
                <AD_Org_ID reference="id">0</AD_Org_ID>
                <IsActive>Y</IsActive>
                <IsReadOnly>N</IsReadOnly>
                <IsCentrallyMaintained>Y</IsCentrallyMaintained>
                <AD_FieldGroup_ID reference="id"/>
                <EntityType>ve.net.dcs.HumanTalent</EntityType>
                <ObscureType/>
                <AD_Reference_ID reference="id"/>
                <IsMandatory/>
                <DefaultValue/>
                <AD_Reference_Value_ID reference="id"/>
                <AD_Val_Rule_ID reference="id"/>
                <Included_Tab_ID reference="id"/>
                <AD_Field_UU>a08371af-ddb2-4e25-b48f-fcc46f9b8d9b</AD_Field_UU>
                <IsAllowCopy/>
                <IsDisplayedGrid>Y</IsDisplayedGrid>
                <SeqNoGrid>120</SeqNoGrid>
                <XPosition>2</XPosition>
                <ColumnSpan>2</ColumnSpan>
                <NumLines>1</NumLines>
                <IsQuickEntry>N</IsQuickEntry>
                <IsUpdateable/>
                <IsAlwaysUpdateable/>
                <MandatoryLogic/>
                <ReadOnlyLogic/>
                <IsToolbarButton/>
                <IsDefaultFocus>N</IsDefaultFocus>
                <IsAdvancedField>N</IsAdvancedField>
                <VFormat/>
                <AD_LabelStyle_ID reference="id"/>
                <AD_FieldStyle_ID reference="id"/>
                <IsQuickForm>N</IsQuickForm>
                <Placeholder/>
                <IsSelectionColumn/>
                <AD_Val_Rule_Lookup_ID reference="id"/>
                <ColumnSQL/>
                <AD_Field_Trl type="translation">
                    <Description>Persona responsable de documentos.</Description>
                    <Help/>
                    <Name>Representante Compañía</Name>
                    <Placeholder/>
                    <AD_Language>es_CO</AD_Language>
                    <IsActive>Y</IsActive>
                    <IsTranslated>Y</IsTranslated>
                </AD_Field_Trl>
                <AD_Field_Trl type="translation">
                    <Description>Persona responsable de documentos.</Description>
                    <Help/>
                    <Name>Representante Compañía</Name>
                    <Placeholder/>
                    <AD_Language>es_PA</AD_Language>
                    <IsActive>Y</IsActive>
                    <IsTranslated>Y</IsTranslated>
                </AD_Field_Trl>
            </AD_Field>
            <AD_Field type="table">
                <AD_Client_ID>0</AD_Client_ID>
                <AD_Org_ID>0</AD_Org_ID>
                <Name>Company Agent</Name>
                <Description>Purchase or Company Agent</Description>
                <Help>Purchase agent for the document. Any Sales Rep must be a valid internal user.</Help>
                <AD_Tab_ID reference="uuid" reference-key="AD_Tab">09bbc971-1e95-4e0c-866b-85d508faeced</AD_Tab_ID>
                <AD_Column_ID reference="id">4431</AD_Column_ID>
                <IsDisplayed>Y</IsDisplayed>
                <DisplayLogic>@IsSalesRep@ = 'Y'</DisplayLogic>
                <DisplayLength>14</DisplayLength>
                <SeqNo>130</SeqNo>
                <SortNo>0</SortNo>
                <IsSameLine>Y</IsSameLine>
                <IsHeading>N</IsHeading>
                <IsFieldOnly>N</IsFieldOnly>
                <IsEncrypted>N</IsEncrypted>
                <AD_Org_ID reference="id">0</AD_Org_ID>
                <IsActive>Y</IsActive>
                <IsReadOnly>N</IsReadOnly>
                <IsCentrallyMaintained>Y</IsCentrallyMaintained>
                <AD_FieldGroup_ID reference="id"/>
                <EntityType>ve.net.dcs.HumanTalent</EntityType>
                <ObscureType/>
                <AD_Reference_ID reference="id"/>
                <IsMandatory/>
                <DefaultValue/>
                <AD_Reference_Value_ID reference="id"/>
                <AD_Val_Rule_ID reference="id"/>
                <Included_Tab_ID reference="id"/>
                <AD_Field_UU>bf4fbd8b-d78d-4617-876b-cdffd4771b61</AD_Field_UU>
                <IsAllowCopy/>
                <IsDisplayedGrid>Y</IsDisplayedGrid>
                <SeqNoGrid>130</SeqNoGrid>
                <XPosition>4</XPosition>
                <ColumnSpan>2</ColumnSpan>
                <NumLines>1</NumLines>
                <IsQuickEntry>N</IsQuickEntry>
                <IsUpdateable/>
                <IsAlwaysUpdateable/>
                <MandatoryLogic/>
                <ReadOnlyLogic/>
                <IsToolbarButton/>
                <IsDefaultFocus>N</IsDefaultFocus>
                <IsAdvancedField>N</IsAdvancedField>
                <VFormat/>
                <AD_LabelStyle_ID reference="id"/>
                <AD_FieldStyle_ID reference="id"/>
                <IsQuickForm>N</IsQuickForm>
                <Placeholder/>
                <IsSelectionColumn/>
                <AD_Val_Rule_Lookup_ID reference="id"/>
                <ColumnSQL/>
                <AD_Field_Trl type="translation">
                    <Description>Representante Compañía</Description>
                    <Help>Agente de compras para el documento.</Help>
                    <Name>Representante Compañía</Name>
                    <Placeholder/>
                    <AD_Language>es_CO</AD_Language>
                    <IsActive>Y</IsActive>
                    <IsTranslated>Y</IsTranslated>
                </AD_Field_Trl>
                <AD_Field_Trl type="translation">
                    <Description>Representante Compañía</Description>
                    <Help>Agente de compras para el documento.</Help>
                    <Name>Representante Compañía</Name>
                    <Placeholder/>
                    <AD_Language>es_PA</AD_Language>
                    <IsActive>Y</IsActive>
                    <IsTranslated>Y</IsTranslated>
                </AD_Field_Trl>
            </AD_Field>
        </AD_Menu>
        <AD_Menu type="table">
            <Parent_ID reference="uuid" reference-key="AD_Menu">25ac697b-718a-44c9-80cc-b2710c689547</Parent_ID>
            <SeqNo>4</SeqNo>
            <AD_Client_ID>0</AD_Client_ID>
            <AD_Org_ID>0</AD_Org_ID>
            <Name>Evaluation Employee</Name>
            <Description/>
            <Action>W</Action>
            <AD_Window_ID reference="uuid" reference-key="AD_Window">67067f3e-5df7-43bf-925a-45429ebd7902</AD_Window_ID>
            <AD_Workflow_ID reference="id"/>
            <AD_Task_ID reference="id"/>
            <AD_Org_ID reference="id">0</AD_Org_ID>
            <IsActive>Y</IsActive>
            <IsSummary>N</IsSummary>
            <AD_Process_ID reference="id"/>
            <IsSOTrx>N</IsSOTrx>
            <AD_Form_ID reference="id"/>
            <IsReadOnly>N</IsReadOnly>
            <EntityType>ve.net.dcs.HumanTalent</EntityType>
            <IsCentrallyMaintained>Y</IsCentrallyMaintained>
            <AD_Menu_UU>9cbe5f62-4699-4c01-a4cf-9d6e1b5ccafa</AD_Menu_UU>
            <AD_InfoWindow_ID reference="id"/>
            <PredefinedContextVariables/>
            <AD_Field type="table">
                <AD_Client_ID>0</AD_Client_ID>
                <AD_Org_ID>0</AD_Org_ID>
                <Name>Link Organization</Name>
                <Description>Link Business Partner to an Organization</Description>
                <Help>If the Business Partner is another Organization, select the Organization or set to empty to create a new Organization.  You link a Business Partner to an Organization to create explicit Documents for Inter-Org transaction.
If you create a new Organization, you may supply a Organization Type.  If you select a Role, the access to the new Organization is limited to that role, otherwise all (non manual) roles of the Client will have access to the new Organization.</Help>
                <AD_Tab_ID reference="uuid" reference-key="AD_Tab">bb6e92fb-49bf-4808-9eca-969419ebc80d</AD_Tab_ID>
                <AD_Column_ID reference="id">10927</AD_Column_ID>
                <IsDisplayed>N</IsDisplayed>
                <DisplayLogic>@IsEmployee@=N</DisplayLogic>
                <DisplayLength>23</DisplayLength>
                <SeqNo>0</SeqNo>
                <SortNo>0</SortNo>
                <IsSameLine>Y</IsSameLine>
                <IsHeading>N</IsHeading>
                <IsFieldOnly>N</IsFieldOnly>
                <IsEncrypted>N</IsEncrypted>
                <AD_Org_ID reference="id">0</AD_Org_ID>
                <IsActive>Y</IsActive>
                <IsReadOnly>N</IsReadOnly>
                <IsCentrallyMaintained>Y</IsCentrallyMaintained>
                <AD_FieldGroup_ID reference="id"/>
                <EntityType>ve.net.dcs.HumanTalent</EntityType>
                <ObscureType/>
                <AD_Reference_ID reference="id"/>
                <IsMandatory/>
                <DefaultValue/>
                <AD_Reference_Value_ID reference="id"/>
                <AD_Val_Rule_ID reference="id"/>
                <Included_Tab_ID reference="id"/>
                <AD_Field_UU>60101524-cc49-4f36-b609-008690465e2f</AD_Field_UU>
                <IsAllowCopy/>
                <IsDisplayedGrid>N</IsDisplayedGrid>
                <SeqNoGrid>0</SeqNoGrid>
                <XPosition>5</XPosition>
                <ColumnSpan>2</ColumnSpan>
                <NumLines>1</NumLines>
                <IsQuickEntry>N</IsQuickEntry>
                <IsUpdateable/>
                <IsAlwaysUpdateable/>
                <MandatoryLogic/>
                <ReadOnlyLogic/>
                <IsToolbarButton/>
                <IsDefaultFocus>N</IsDefaultFocus>
                <IsAdvancedField>N</IsAdvancedField>
                <VFormat/>
                <AD_LabelStyle_ID reference="id"/>
                <AD_FieldStyle_ID reference="id"/>
                <IsQuickForm>N</IsQuickForm>
                <Placeholder/>
                <IsSelectionColumn/>
                <AD_Val_Rule_Lookup_ID reference="id"/>
                <ColumnSQL/>
                <AD_Field_Trl type="translation">
                    <Description>Integración de Tercero a una Organización</Description>
                    <Help>Si el tercero esta en otra organización, seleccione la organización o fije para crear una nueva organización. Usted liga a tercero a una organización para crear los documentos explícitos para la Integración-Org transacción. Si usted crea una nueva organización, usted puede proveer un tipo de la organización. Si usted selecciona un rol, el acceso a la nueva organización se limita a ese rol, si no todo los roles (no manual) del grupo empresarial tendrán acceso a la nueva organización.</Help>
                    <Name>Liga Organización</Name>
                    <Placeholder/>
                    <AD_Language>es_CO</AD_Language>
                    <IsActive>Y</IsActive>
                    <IsTranslated>Y</IsTranslated>
                </AD_Field_Trl>
                <AD_Field_Trl type="translation">
                    <Description>Integración de Tercero a una Organización</Description>
                    <Help>Si el tercero esta en otra organización, seleccione la organización o fije para crear una nueva organización. Usted liga a tercero a una organización para crear los documentos explícitos para la Integración-Org transacción. Si usted crea una nueva organización, usted puede proveer un tipo de la organización. Si usted selecciona un rol, el acceso a la nueva organización se limita a ese rol, si no todo los roles (no manual) del grupo empresarial tendrán acceso a la nueva organización.</Help>
                    <Name>Liga Organización</Name>
                    <Placeholder/>
                    <AD_Language>es_PA</AD_Language>
                    <IsActive>Y</IsActive>
                    <IsTranslated>Y</IsTranslated>
                </AD_Field_Trl>
            </AD_Field>
            <AD_Field type="table">
                <AD_Client_ID>0</AD_Client_ID>
                <AD_Org_ID>0</AD_Org_ID>
                <Name>Price List Schema</Name>
                <Description>Schema to calculate price lists</Description>
                <Help/>
                <AD_Tab_ID reference="uuid" reference-key="AD_Tab">bb6e92fb-49bf-4808-9eca-969419ebc80d</AD_Tab_ID>
                <AD_Column_ID reference="id">6579</AD_Column_ID>
                <IsDisplayed>N</IsDisplayed>
                <DisplayLogic/>
                <DisplayLength>14</DisplayLength>
                <SeqNo>0</SeqNo>
                <SortNo>0</SortNo>
                <IsSameLine>N</IsSameLine>
                <IsHeading>N</IsHeading>
                <IsFieldOnly>N</IsFieldOnly>
                <IsEncrypted>N</IsEncrypted>
                <AD_Org_ID reference="id">0</AD_Org_ID>
                <IsActive>Y</IsActive>
                <IsReadOnly>N</IsReadOnly>
                <IsCentrallyMaintained>Y</IsCentrallyMaintained>
                <AD_FieldGroup_ID reference="id"/>
                <EntityType>ve.net.dcs.HumanTalent</EntityType>
                <ObscureType/>
                <AD_Reference_ID reference="id"/>
                <IsMandatory/>
                <DefaultValue/>
                <AD_Reference_Value_ID reference="id"/>
                <AD_Val_Rule_ID reference="id"/>
                <Included_Tab_ID reference="id"/>
                <AD_Field_UU>448fc737-dcf1-44e3-973f-7ab343a907bd</AD_Field_UU>
                <IsAllowCopy/>
                <IsDisplayedGrid>N</IsDisplayedGrid>
                <SeqNoGrid>0</SeqNoGrid>
                <XPosition>1</XPosition>
                <ColumnSpan>2</ColumnSpan>
                <NumLines>1</NumLines>
                <IsQuickEntry>N</IsQuickEntry>
                <IsUpdateable/>
                <IsAlwaysUpdateable/>
                <MandatoryLogic/>
                <ReadOnlyLogic/>
                <IsToolbarButton/>
                <IsDefaultFocus>N</IsDefaultFocus>
                <IsAdvancedField>N</IsAdvancedField>
                <VFormat/>
                <AD_LabelStyle_ID reference="id"/>
                <AD_FieldStyle_ID reference="id"/>
                <IsQuickForm>N</IsQuickForm>
                <Placeholder/>
                <IsSelectionColumn/>
                <AD_Val_Rule_Lookup_ID reference="id"/>
                <ColumnSQL/>
                <AD_Field_Trl type="translation">
                    <Description>Esquema para calcular el porcentaje de descuento comercial</Description>
                    <Help>Después del cálculo de precio (estándar); el porcentaje de descuento comercial es calculado y aplicado resultando en el precio final</Help>
                    <Name>Esq List Precios/Desc</Name>
                    <Placeholder/>
                    <AD_Language>es_CO</AD_Language>
                    <IsActive>Y</IsActive>
                    <IsTranslated>Y</IsTranslated>
                </AD_Field_Trl>
                <AD_Field_Trl type="translation">
                    <Description>Esquema para calcular el porcentaje de descuento comercial</Description>
                    <Help>Después del cálculo de precio (estándar); el porcentaje de descuento comercial es calculado y aplicado resultando en el precio final</Help>
                    <Name>Esq List Precios/Desc</Name>
                    <Placeholder/>
                    <AD_Language>es_PA</AD_Language>
                    <IsActive>Y</IsActive>
                    <IsTranslated>Y</IsTranslated>
                </AD_Field_Trl>
            </AD_Field>
            <AD_Field type="table">
                <AD_Client_ID>0</AD_Client_ID>
                <AD_Org_ID>0</AD_Org_ID>
                <Name>Company Agent</Name>
                <Description>Business Partner responsible for documents</Description>
                <Help>The Sales Rep checkbox indicates if this business partner is a company agent. A company agent may also be an employee, but does not need to be.</Help>
                <AD_Tab_ID reference="uuid" reference-key="AD_Tab">bb6e92fb-49bf-4808-9eca-969419ebc80d</AD_Tab_ID>
                <AD_Column_ID reference="id">2929</AD_Column_ID>
                <IsDisplayed>Y</IsDisplayed>
                <DisplayLogic/>
                <DisplayLength>1</DisplayLength>
                <SeqNo>120</SeqNo>
                <SortNo>0</SortNo>
                <IsSameLine>N</IsSameLine>
                <IsHeading>N</IsHeading>
                <IsFieldOnly>N</IsFieldOnly>
                <IsEncrypted>N</IsEncrypted>
                <AD_Org_ID reference="id">0</AD_Org_ID>
                <IsActive>Y</IsActive>
                <IsReadOnly>N</IsReadOnly>
                <IsCentrallyMaintained>Y</IsCentrallyMaintained>
                <AD_FieldGroup_ID reference="id"/>
                <EntityType>ve.net.dcs.HumanTalent</EntityType>
                <ObscureType/>
                <AD_Reference_ID reference="id"/>
                <IsMandatory/>
                <DefaultValue/>
                <AD_Reference_Value_ID reference="id"/>
                <AD_Val_Rule_ID reference="id"/>
                <Included_Tab_ID reference="id"/>
                <AD_Field_UU>9be30d67-797b-4909-ab80-53e1b93c160c</AD_Field_UU>
                <IsAllowCopy/>
                <IsDisplayedGrid>Y</IsDisplayedGrid>
                <SeqNoGrid>120</SeqNoGrid>
                <XPosition>2</XPosition>
                <ColumnSpan>2</ColumnSpan>
                <NumLines>1</NumLines>
                <IsQuickEntry>N</IsQuickEntry>
                <IsUpdateable/>
                <IsAlwaysUpdateable/>
                <MandatoryLogic/>
                <ReadOnlyLogic/>
                <IsToolbarButton/>
                <IsDefaultFocus>N</IsDefaultFocus>
                <IsAdvancedField>N</IsAdvancedField>
                <VFormat/>
                <AD_LabelStyle_ID reference="id"/>
                <AD_FieldStyle_ID reference="id"/>
                <IsQuickForm>N</IsQuickForm>
                <Placeholder/>
                <IsSelectionColumn/>
                <AD_Val_Rule_Lookup_ID reference="id"/>
                <ColumnSQL/>
                <AD_Field_Trl type="translation">
                    <Description>Persona responsable de documentos.</Description>
                    <Help/>
                    <Name>Representante Compañía</Name>
                    <Placeholder/>
                    <AD_Language>es_CO</AD_Language>
                    <IsActive>Y</IsActive>
                    <IsTranslated>Y</IsTranslated>
                </AD_Field_Trl>
                <AD_Field_Trl type="translation">
                    <Description>Persona responsable de documentos.</Description>
                    <Help/>
                    <Name>Representante Compañía</Name>
                    <Placeholder/>
                    <AD_Language>es_PA</AD_Language>
                    <IsActive>Y</IsActive>
                    <IsTranslated>Y</IsTranslated>
                </AD_Field_Trl>
            </AD_Field>
            <AD_Field type="table">
                <AD_Client_ID>0</AD_Client_ID>
                <AD_Org_ID>0</AD_Org_ID>
                <Name>Company Agent</Name>
                <Description>Purchase or Company Agent</Description>
                <Help>Purchase agent for the document. Any Sales Rep must be a valid internal user.</Help>
                <AD_Tab_ID reference="uuid" reference-key="AD_Tab">bb6e92fb-49bf-4808-9eca-969419ebc80d</AD_Tab_ID>
                <AD_Column_ID reference="id">4431</AD_Column_ID>
                <IsDisplayed>Y</IsDisplayed>
                <DisplayLogic>@IsSalesRep@ = 'Y'</DisplayLogic>
                <DisplayLength>14</DisplayLength>
                <SeqNo>130</SeqNo>
                <SortNo>0</SortNo>
                <IsSameLine>Y</IsSameLine>
                <IsHeading>N</IsHeading>
                <IsFieldOnly>N</IsFieldOnly>
                <IsEncrypted>N</IsEncrypted>
                <AD_Org_ID reference="id">0</AD_Org_ID>
                <IsActive>Y</IsActive>
                <IsReadOnly>N</IsReadOnly>
                <IsCentrallyMaintained>Y</IsCentrallyMaintained>
                <AD_FieldGroup_ID reference="id"/>
                <EntityType>ve.net.dcs.HumanTalent</EntityType>
                <ObscureType/>
                <AD_Reference_ID reference="id"/>
                <IsMandatory/>
                <DefaultValue/>
                <AD_Reference_Value_ID reference="id"/>
                <AD_Val_Rule_ID reference="id"/>
                <Included_Tab_ID reference="id"/>
                <AD_Field_UU>b0cf2b03-4382-44ad-a6b9-beda46ddb9aa</AD_Field_UU>
                <IsAllowCopy/>
                <IsDisplayedGrid>Y</IsDisplayedGrid>
                <SeqNoGrid>130</SeqNoGrid>
                <XPosition>4</XPosition>
                <ColumnSpan>2</ColumnSpan>
                <NumLines>1</NumLines>
                <IsQuickEntry>N</IsQuickEntry>
                <IsUpdateable/>
                <IsAlwaysUpdateable/>
                <MandatoryLogic/>
                <ReadOnlyLogic/>
                <IsToolbarButton/>
                <IsDefaultFocus>N</IsDefaultFocus>
                <IsAdvancedField>N</IsAdvancedField>
                <VFormat/>
                <AD_LabelStyle_ID reference="id"/>
                <AD_FieldStyle_ID reference="id"/>
                <IsQuickForm>N</IsQuickForm>
                <Placeholder/>
                <IsSelectionColumn/>
                <AD_Val_Rule_Lookup_ID reference="id"/>
                <ColumnSQL/>
                <AD_Field_Trl type="translation">
                    <Description>Representante Compañía</Description>
                    <Help>Agente de compras para el documento.</Help>
                    <Name>Representante Compañía</Name>
                    <Placeholder/>
                    <AD_Language>es_CO</AD_Language>
                    <IsActive>Y</IsActive>
                    <IsTranslated>Y</IsTranslated>
                </AD_Field_Trl>
                <AD_Field_Trl type="translation">
                    <Description>Representante Compañía</Description>
                    <Help>Agente de compras para el documento.</Help>
                    <Name>Representante Compañía</Name>
                    <Placeholder/>
                    <AD_Language>es_PA</AD_Language>
                    <IsActive>Y</IsActive>
                    <IsTranslated>Y</IsTranslated>
                </AD_Field_Trl>
            </AD_Field>
        </AD_Menu>
        <AD_Menu type="table">
            <Parent_ID reference="uuid" reference-key="AD_Menu">25ac697b-718a-44c9-80cc-b2710c689547</Parent_ID>
            <SeqNo>7</SeqNo>
            <AD_Client_ID>0</AD_Client_ID>
            <AD_Org_ID>0</AD_Org_ID>
            <Name>Personal requisition</Name>
            <Description/>
            <Action>W</Action>
            <AD_Window_ID reference="uuid" reference-key="AD_Window">ac757965-95ca-4f26-9c83-d2cb49ae3a01</AD_Window_ID>
            <AD_Workflow_ID reference="id"/>
            <AD_Task_ID reference="id"/>
            <AD_Org_ID reference="id">0</AD_Org_ID>
            <IsActive>Y</IsActive>
            <IsSummary>N</IsSummary>
            <AD_Process_ID reference="id"/>
            <IsSOTrx>Y</IsSOTrx>
            <AD_Form_ID reference="id"/>
            <IsReadOnly>N</IsReadOnly>
            <EntityType>ING_HumanTalent</EntityType>
            <IsCentrallyMaintained>Y</IsCentrallyMaintained>
            <AD_Menu_UU>f1451002-af0b-4b52-824c-e6170616abe3</AD_Menu_UU>
            <AD_InfoWindow_ID reference="id"/>
            <PredefinedContextVariables/>
            <AD_Field type="table">
                <AD_Client_ID>0</AD_Client_ID>
                <AD_Org_ID>0</AD_Org_ID>
                <Name>HT_LoadProspect</Name>
                <Description/>
                <Help/>
                <AD_Tab_ID reference="uuid" reference-key="AD_Tab">eb631476-6502-4e73-b446-205af61918c6</AD_Tab_ID>
                <AD_Column_ID reference="uuid" reference-key="AD_Column">ced1efac-b5ba-432f-8abc-9bdd7496cac2</AD_Column_ID>
                <IsDisplayed>Y</IsDisplayed>
                <DisplayLogic/>
                <DisplayLength>1</DisplayLength>
                <SeqNo>120</SeqNo>
                <SortNo/>
                <IsSameLine>N</IsSameLine>
                <IsHeading>N</IsHeading>
                <IsFieldOnly>N</IsFieldOnly>
                <IsEncrypted>N</IsEncrypted>
                <AD_Org_ID reference="id">0</AD_Org_ID>
                <IsActive>Y</IsActive>
                <IsReadOnly>N</IsReadOnly>
                <IsCentrallyMaintained>Y</IsCentrallyMaintained>
                <AD_FieldGroup_ID reference="id"/>
                <EntityType>ING_HumanTalent</EntityType>
                <ObscureType/>
                <AD_Reference_ID reference="id"/>
                <IsMandatory/>
                <DefaultValue/>
                <AD_Reference_Value_ID reference="id"/>
                <AD_Val_Rule_ID reference="id"/>
                <Included_Tab_ID reference="id"/>
                <AD_Field_UU>99a7a1e9-ab69-4e15-a70e-36d032074de9</AD_Field_UU>
                <IsAllowCopy/>
                <IsDisplayedGrid>Y</IsDisplayedGrid>
                <SeqNoGrid>110</SeqNoGrid>
                <XPosition>2</XPosition>
                <ColumnSpan>2</ColumnSpan>
                <NumLines>1</NumLines>
                <IsQuickEntry>N</IsQuickEntry>
                <IsUpdateable/>
                <IsAlwaysUpdateable/>
                <MandatoryLogic/>
                <ReadOnlyLogic/>
                <IsToolbarButton/>
                <IsDefaultFocus>N</IsDefaultFocus>
                <IsAdvancedField>N</IsAdvancedField>
                <VFormat/>
                <AD_LabelStyle_ID reference="id"/>
                <AD_FieldStyle_ID reference="id"/>
                <IsQuickForm>N</IsQuickForm>
                <Placeholder/>
                <IsSelectionColumn/>
                <AD_Val_Rule_Lookup_ID reference="id"/>
                <ColumnSQL/>
                <AD_Field_Trl type="translation">
                    <Description/>
                    <Help/>
                    <Name>Cargar Aspirantes</Name>
                    <Placeholder/>
                    <AD_Language>es_CO</AD_Language>
                    <IsActive>Y</IsActive>
                    <IsTranslated>Y</IsTranslated>
                </AD_Field_Trl>
                <AD_Field_Trl type="translation">
                    <Description/>
                    <Help/>
                    <Name>HT_LoadProspect</Name>
                    <Placeholder/>
                    <AD_Language>es_PA</AD_Language>
                    <IsActive>Y</IsActive>
                    <IsTranslated>N</IsTranslated>
                </AD_Field_Trl>
            </AD_Field>
        </AD_Menu>
    </AD_Menu>
</idempiere>
