<?xml version="1.0" encoding="UTF-8"?><idempiere Name="2Pack_4.1.8" Version="4.1.8" idempiereVersion="" DataBaseVersion="" Description="" Author="" AuthorEmail="orlando.curieles@ingeint.com" CreatedDate="2020-01-16 08:03:36.402" UpdatedDate="2020-01-16 08:03:36.402" PackOutVersion="100" UpdateDictionary="false" Client="0-SYSTEM-System" AD_Client_UU="11237b53-9592-4af1-b3c5-afd216514b5d">
    <AD_Element type="table">
        <AD_Client_ID>0</AD_Client_ID>
        <AD_Org_ID>0</AD_Org_ID>
        <IsActive>Y</IsActive>
        <ColumnName>IsNotified</ColumnName>
        <Name>IsNotified</Name>
        <Description/>
        <Help/>
        <PrintName>IsNotified</PrintName>
        <PO_Description/>
        <PO_Help/>
        <PO_Name/>
        <PO_PrintName/>
        <EntityType>ING_HumanTalent</EntityType>
        <AD_Element_UU>bd8fab1a-6ee3-495c-94c1-8f6c3414529b</AD_Element_UU>
        <Placeholder/>
        <AD_Element_Trl type="translation">
            <Help/>
            <PO_Description/>
            <PO_Help/>
            <Name>Notificado</Name>
            <Description/>
            <PO_Name/>
            <PrintName>Notificado</PrintName>
            <PO_PrintName/>
            <Placeholder/>
            <AD_Language>es_EC</AD_Language>
            <IsActive>Y</IsActive>
            <IsTranslated>Y</IsTranslated>
        </AD_Element_Trl>
    </AD_Element>
    <AD_Column type="table">
        <IsSyncDatabase>Y</IsSyncDatabase>
        <AD_Table_ID reference="id">291</AD_Table_ID>
        <AD_Reference_Value_ID reference="id"/>
        <AD_Client_ID>0</AD_Client_ID>
        <AD_Org_ID>0</AD_Org_ID>
        <Version>0</Version>
        <Name>IsNotified</Name>
        <Description/>
        <Help/>
        <AD_Val_Rule_ID reference="id"/>
        <ColumnName>IsNotified</ColumnName>
        <DefaultValue>N</DefaultValue>
        <FieldLength>1</FieldLength>
        <IsKey>N</IsKey>
        <IsParent>N</IsParent>
        <IsMandatory>N</IsMandatory>
        <IsTranslated>N</IsTranslated>
        <IsIdentifier>N</IsIdentifier>
        <SeqNo>0</SeqNo>
        <IsEncrypted>N</IsEncrypted>
        <AD_Reference_ID reference="id">20</AD_Reference_ID>
        <IsActive>Y</IsActive>
        <VFormat/>
        <Callout/>
        <AD_Element_ID reference="uuid" reference-key="AD_Element">bd8fab1a-6ee3-495c-94c1-8f6c3414529b</AD_Element_ID>
        <IsUpdateable>Y</IsUpdateable>
        <AD_Process_ID reference="id"/>
        <ValueMin/>
        <ValueMax/>
        <IsSelectionColumn>N</IsSelectionColumn>
        <ReadOnlyLogic/>
        <EntityType>ING_HumanTalent</EntityType>
        <IsAlwaysUpdateable>N</IsAlwaysUpdateable>
        <ColumnSQL/>
        <MandatoryLogic/>
        <IsAutocomplete>N</IsAutocomplete>
        <IsAllowLogging>Y</IsAllowLogging>
        <FormatPattern/>
        <AD_Chart_ID reference="id"/>
        <AD_Column_UU>0f9671fa-4ce1-4fc4-9f19-3a94b644c596</AD_Column_UU>
        <IsAllowCopy>Y</IsAllowCopy>
        <SeqNoSelection>0</SeqNoSelection>
        <IsToolbarButton>N</IsToolbarButton>
        <IsSecure>N</IsSecure>
        <FKConstraintName/>
        <FKConstraintType>N</FKConstraintType>
        <PA_DashboardContent_ID reference="id"/>
        <Placeholder/>
        <IsHtml>N</IsHtml>
    </AD_Column>
    <SQLStatement type="custom">
        <DBType>ALL</DBType>
        <statement>
            <![CDATA[CREATE OR REPLACE VIEW adempiere.ing_employeetoexpire
AS SELECT a.ad_client_id,
    a.ad_org_id,
    a.isactive,
    a.created,
    a.createdby,
    a.updated,
    a.updatedby,
    a.c_bpartner_id AS ing_employeetoexpire_id,
    a.c_bpartner_id,
    a.value,
    a.taxid,
    a.name,
    emp.startdate,
    emp.startdate::timestamp with time zone + 90::numeric AS enddate,
        CASE
            WHEN date_part('day'::text, emp.startdate - (now()::timestamp without time zone::timestamp with time zone - 90::numeric)::timestamp without time zone) <= 15::double precision THEN 'Por Vencer'::text
            ELSE ''::text
        END AS toexpire,
    date_part('day'::text, emp.startdate - (now()::timestamp without time zone::timestamp with time zone - 90::numeric)::timestamp without time zone) AS days,
    a.IsNotified
   FROM c_bpartner a
     JOIN hr_employee emp ON emp.c_bpartner_id = a.c_bpartner_id
     JOIN hr_payroll pay ON emp.hr_payroll_id = pay.hr_payroll_id
     JOIN hr_department dp ON emp.hr_department_id = dp.hr_department_id
  WHERE a.isemployee = 'Y'::bpchar AND date_part('day'::text, emp.startdate - (now()::timestamp without time zone::timestamp with time zone - 90::numeric)::timestamp without time zone) <= 15::double precision
  ORDER BY a.value;]]>
        </statement>
    </SQLStatement>
</idempiere>
