<?xml version="1.0" encoding="UTF-8"?><idempiere Name="2Pack_4.1.6" Version="5.1" idempiereVersion="" DataBaseVersion="" Description="@author@ Orlando Curieles - www.ingeint.com - Personal Requisition" Author="" AuthorEmail="orlando.curieles@ingeint.com" CreatedDate="2018-07-18 21:45:33.306" UpdatedDate="2018-07-18 21:45:33.306" PackOutVersion="100" UpdateDictionary="false" Client="0-SYSTEM-System" AD_Client_UU="11237b53-9592-4af1-b3c5-afd216514b5d">
    <SQLStatement type="custom">
        <DBType>Postgres</DBType>
        <statement><![CDATA[CREATE OR REPLACE VIEW adempiere.hr_prospect AS
 SELECT bp.c_bpartner_id,
    bp.isemployee,
    bp.ishrprospect,
    ate.ht_career_id,
    bp.ad_client_id,
    bp.isactive,
    adempiere.getcurrentsalary(bp.c_bpartner_id, (select value
from ad_sysconfig where name = 'HR_SalaryConcept' AND ad_sysconfig.AD_Client_ID = bp.AD_Client_ID)::numeric) as currentSalary 
   FROM c_bpartner bp
     JOIN ht_academictrainingemployee ate ON bp.c_bpartner_id = ate.c_bpartner_id
  WHERE bp.isemployee = 'Y'::bpchar
UNION ALL
 SELECT bp.c_bpartner_id,
    bp.isemployee,
    bp.ishrprospect,
    ate.ht_career_id,
    bp.ad_client_id,
    bp.isactive,
    0 as currentSalary
   FROM c_bpartner bp
     JOIN ht_academictrainingemployee ate ON bp.c_bpartner_id = ate.c_bpartner_id
  WHERE bp.ishrprospect = 'Y';]]></statement>
    </SQLStatement>
    <SQLStatement type="custom">
        <DBType>ALL</DBType>
        <statement><![CDATA[CREATE OR REPLACE VIEW adempiere.ing_employeetoexpire AS
 SELECT a.ad_client_id,
    a.ad_org_id,
    a.isactive,
    a.created,
    a.createdby,
    a.updated,
    a.updatedby,
    a.c_bpartner_id AS ing_employeetoexpire_id,
    a.c_bpartner_id,
    a.value,
    a.taxid,
    a.name,

    a.startdate,
    a.startdate::timestamp with time zone + 90::numeric AS enddate,
        CASE
            WHEN date_part('day'::text, a.startdate - (now()::date - 90)::timestamp without time zone) <= 15::double precision THEN 'Por Vencer'::text
            ELSE ''::text
        END AS toexpire,
    date_part('day'::text, a.startdate - (now()::date - 90)::timestamp without time zone) AS days,
    dp.ad_user_id AS responsable_id
   FROM c_bpartner a
     JOIN hr_employee emp ON emp.c_bpartner_id = a.c_bpartner_id
     JOIN hr_payroll pay ON emp.hr_payroll_id = pay.hr_payroll_id
     JOIN hr_department dp ON emp.hr_department_id = dp.hr_department_id
  WHERE a.isemployee = 'Y'::bpchar AND pay.isdefault = 'Y'::bpchar 
  ORDER BY a.value;]]></statement>
    </SQLStatement>
</idempiere>
